id,release_date,title,production_budget,domestic_gross,worldwide_gross,original_language,popularity,vote_average,vote_count,profit,roi
27,2012-05-04,The Avengers,225000000.0,623279547.0,1517935897.0,en,10,4.9,170,1292935897.0,5.746381764444444
27,2010-05-21,Shrek Forever After,165000000.0,238736787.0,756244673.0,en,10,4.9,170,591244673.0,3.5833010484848486
27,2015-12-25,The Revenant,135000000.0,183637894.0,532938302.0,en,10,4.9,170,397938302.0,2.947691125925926
27,2004-12-17,The Aviator,110000000.0,102608827.0,208370892.0,en,10,4.9,170,98370892.0,0.8942808363636363
27,2002-12-18,The Lord of the Rings: The Two Towers,94000000.0,342548984.0,934699645.0,en,10,4.9,170,840699645.0,8.94361324468085
27,2000-07-28,Nutty Professor II: The Klumps,84000000.0,123307945.0,166307945.0,en,10,4.9,170,82307945.0,0.9798564880952381
27,1996-07-02,Independence Day,75000000.0,306169255.0,817400878.0,en,10,4.9,170,742400878.0,9.898678373333333
27,1998-11-06,The Siege,70000000.0,40934175.0,116625798.0,en,10,4.9,170,46625798.0,0.6660828285714285
27,2011-04-01,Hop,63000000.0,108085305.0,188657593.0,en,10,4.9,170,125657593.0,1.9945649682539683
27,2000-11-03,The Legend of Bagger Vance,60000000.0,30695227.0,39235486.0,en,10,4.9,170,-20764514.0,-0.34607523333333334
27,2012-07-27,The Watch,55000000.0,34353000.0,67130045.0,en,10,4.9,170,12130045.0,0.22054627272727273
27,2013-01-25,Hansel & Gretel: Witch Hunters,50000000.0,55703475.0,214949716.0,en,10,4.9,170,164949716.0,3.29899432
27,2001-12-25,Kate and Leopold,48000000.0,47095453.0,70937778.0,en,10,4.9,170,22937778.0,0.477870375
27,2012-10-12,Argo,44500000.0,136025503.0,227140757.0,en,10,4.9,170,182640757.0,4.104286674157303
27,2006-08-25,Invincible,40000000.0,57806952.0,58501127.0,en,10,4.9,170,18501127.0,0.462528175
27,2014-06-27,Snowpiercer,40000000.0,4563029.0,88069880.0,en,10,4.9,170,48069880.0,1.201747
27,1989-06-23,Batman,35000000.0,251188924.0,411348924.0,en,10,4.9,170,376348924.0,10.7528264
27,2001-12-25,The Shipping News,35000000.0,11405825.0,24405825.0,en,10,4.9,170,-10594175.0,-0.3026907142857143
27,2014-03-07,The Grand Budapest Hotel,31000000.0,59076019.0,163981261.0,en,10,4.9,170,132981261.0,4.289718096774194
27,2006-04-07,Take the Lead,30000000.0,34742066.0,65390493.0,en,10,4.9,170,35390493.0,1.1796831
27,2002-12-31,Confessions of a Dangerous Mind,29000000.0,16007718.0,33013805.0,en,10,4.9,170,4013805.0,0.13840706896551724
27,1998-07-31,Ever After: A Cinderella Story,26000000.0,65705772.0,65705772.0,en,10,4.9,170,39705772.0,1.527145076923077
27,2016-04-29,Motherâs Day,25000000.0,32492859.0,52367022.0,en,10,4.9,170,27367022.0,1.09468088
27,2015-03-10,Red Sky,25000000.0,0.0,91116.0,en,10,4.9,170,-24908884.0,-0.99635536
27,2017-05-19,Diary of a Wimpy Kid: The Long Haul,22000000.0,20738724.0,35609577.0,en,10,4.9,170,13609577.0,0.6186171363636364
27,2006-02-17,Date Movie,20000000.0,48548426.0,85146165.0,en,10,4.9,170,65146165.0,3.25730825
27,2015-10-30,Burnt,20000000.0,13651946.0,36773510.0,en,10,4.9,170,16773510.0,0.8386755
27,2011-06-24,Bad Teacher,19000000.0,100292856.0,215448997.0,en,10,4.9,170,196448997.0,10.339420894736842
27,1994-09-30,Ed Wood,18000000.0,5828466.0,5828466.0,en,10,4.9,170,-12171534.0,-0.6761963333333333
27,1989-06-02,Dead Poets Society,16400000.0,95860116.0,239500000.0,en,10,4.9,170,223100000.0,13.603658536585366
27,2003-05-02,The Lizzie McGuire Movie,15000000.0,42734455.0,55534455.0,en,10,4.9,170,40534455.0,2.702297
27,2010-09-22,You Will Meet a Tall Dark Stranger,15000000.0,3247816.0,34247816.0,en,10,4.9,170,19247816.0,1.2831877333333332
27,2011-09-30,Margaret,14000000.0,47185.0,623292.0,en,10,4.9,170,-13376708.0,-0.9554791428571429
27,1979-05-25,The Prisoner of Zenda,12500000.0,7000000.0,7000000.0,en,10,4.9,170,-5500000.0,-0.44
27,1999-03-19,Ravenous,12000000.0,2062406.0,2062406.0,en,10,4.9,170,-9937594.0,-0.8281328333333333
27,1968-04-02,2001: A Space Odyssey,10500000.0,59936321.0,71928046.0,en,10,4.9,170,61428046.0,5.850290095238095
27,1997-03-14,Love Jones,10000000.0,12554569.0,12554569.0,en,10,4.9,170,2554569.0,0.2554569
27,2015-07-10,Strangerland,10000000.0,17472.0,161097.0,en,10,4.9,170,-9838903.0,-0.9838903
27,1986-09-26,Crocodile Dundee,8800000.0,174803506.0,328203506.0,en,10,4.9,170,319403506.0,36.29585295454545
27,2007-05-18,The Wendell Baker Story,8000000.0,127188.0,127188.0,en,10,4.9,170,-7872812.0,-0.9841015
27,2010-06-18,Cyrus,7000000.0,7468936.0,10062896.0,en,10,4.9,170,3062896.0,0.4375565714285714
27,1999-07-16,The Wood,6000000.0,25059640.0,25059640.0,en,10,4.9,170,19059640.0,3.176606666666667
27,2005-07-01,De battre mon coeur s'est arrÃªtÃ©,5500000.0,1023424.0,8589831.0,en,10,4.9,170,3089831.0,0.5617874545454545
27,1978-12-22,Force 10 from Navarone,5000000.0,7100000.0,7100000.0,en,10,4.9,170,2100000.0,0.42
27,1982-08-13,Fast Times at Ridgemont High,4500000.0,27092880.0,27092880.0,en,10,4.9,170,22592880.0,5.02064
27,2003-02-28,Poolhall Junkies,4000000.0,563711.0,563711.0,en,10,4.9,170,-3436289.0,-0.85907225
27,2006-10-01,The Secret,3500000.0,0.0,0.0,en,10,4.9,170,-3500000.0,-1.0
27,2003-04-04,DysFunkTional Family,3000000.0,2255000.0,2255000.0,en,10,4.9,170,-745000.0,-0.24833333333333332
27,2003-10-03,Sur Le Seuil,2500000.0,2013052.0,2013052.0,en,10,4.9,170,-486948.0,-0.1947792
27,2008-12-25,Waltz with Bashir,2000000.0,2283849.0,13912289.0,en,10,4.9,170,11912289.0,5.9561445
27,2005-01-07,Travellers and Magicians,1800000.0,506793.0,1322161.0,en,10,4.9,170,-477839.0,-0.2654661111111111
27,2014-12-31,Kurmanjan datka,1400000.0,0.0,0.0,en,10,4.9,170,-1400000.0,-1.0
27,1970-01-01,Beyond the Valley of the Dolls,1000000.0,9000000.0,9000000.0,en,10,4.9,170,8000000.0,8.0
27,2007-06-01,And Then Came Love,989000.0,8158.0,8158.0,en,10,4.9,170,-980842.0,-0.9917512639029322
27,2014-09-12,Faith Connections,550000.0,9111.0,9111.0,en,10,4.9,170,-540889.0,-0.9834345454545455
27,1999-05-21,Trekkies,375000.0,617172.0,617172.0,en,10,4.9,170,242172.0,0.645792
27,2008-06-13,Baghead,200000.0,140016.0,140016.0,en,10,4.9,170,-59984.0,-0.29992
27,2013-10-25,A True Story,45000.0,0.0,0.0,en,10,4.9,170,-45000.0,-1.0
62,2011-06-17,Green Lantern,200000000.0,116601172.0,219535492.0,en,23,8.0,5837,19535492.0,0.09767746
62,2016-11-23,Moana,150000000.0,248757044.0,637517365.0,en,23,8.0,5837,487517365.0,3.2501157666666667
62,2014-11-21,The Hunger Games: Mockingjay - Part 1,125000000.0,337135885.0,766575131.0,en,23,8.0,5837,641575131.0,5.132601048
62,2018-12-21,Bumblebee,102000000.0,127195589.0,465195589.0,en,23,8.0,5837,363195589.0,3.560741068627451
62,2000-08-04,Hollow Man,90000000.0,73209340.0,191200000.0,en,23,8.0,5837,101200000.0,1.1244444444444444
62,2010-12-17,Yogi Bear,80000000.0,100246011.0,204774690.0,en,23,8.0,5837,124774690.0,1.559683625
62,2011-03-25,Sucker Punch,75000000.0,36392502.0,89758389.0,en,23,8.0,5837,14758389.0,0.19677852
62,2017-12-22,Downsizing,68000000.0,24449754.0,54462971.0,en,23,8.0,5837,-13537029.0,-0.19907395588235294
62,2002-04-19,The Scorpion King,60000000.0,90580000.0,165890634.0,en,23,8.0,5837,105890634.0,1.7648439
62,2005-09-16,Just Like Heaven,58000000.0,48318130.0,100687083.0,en,23,8.0,5837,42687083.0,0.7359841896551724
62,2001-11-02,Domestic Disturbance,53000000.0,45207112.0,54207112.0,en,23,8.0,5837,1207112.0,0.022775698113207548
62,2002-04-19,Murder by Numbers,50000000.0,31874869.0,56643267.0,en,23,8.0,5837,6643267.0,0.13286534
62,2007-12-25,The Bucket List,45000000.0,93466502.0,174807445.0,en,23,8.0,5837,129807445.0,2.884609888888889
62,1993-05-28,Super Mario Bros.,42000000.0,20844907.0,20844907.0,en,23,8.0,5837,-21155093.0,-0.5036926904761905
62,2018-01-12,The Commuter,40000000.0,36343858.0,101985431.0,en,23,8.0,5837,61985431.0,1.549635775
62,2016-12-23,Why Him?,38000000.0,60323786.0,117425156.0,en,23,8.0,5837,79425156.0,2.0901356842105265
62,2015-05-22,Poltergeist,35000000.0,47425125.0,95713069.0,en,23,8.0,5837,60713069.0,1.7346591142857142
62,1993-09-17,The Age of Innocence,34000000.0,32014993.0,32014993.0,en,23,8.0,5837,-1985007.0,-0.05838255882352941
62,2009-04-10,Hannah Montana the Movie,30000000.0,79576189.0,169173206.0,en,23,8.0,5837,139173206.0,4.639106866666666
62,1996-07-19,Fled,30000000.0,17192205.0,19892205.0,en,23,8.0,5837,-10107795.0,-0.3369265
62,1982-06-25,Blade Runner,28000000.0,32656328.0,39342912.0,en,23,8.0,5837,11342912.0,0.405104
62,1988-12-16,Rain Man,25000000.0,172825435.0,412800000.0,en,23,8.0,5837,387800000.0,15.512
62,2002-11-15,Half Past Dead,25000000.0,15567860.0,19233280.0,en,23,8.0,5837,-5766720.0,-0.2306688
62,2005-06-10,Hauru no ugoku shiro,24000000.0,4710455.0,237814327.0,en,23,8.0,5837,213814327.0,8.908930291666668
62,1999-06-30,"South Park: Bigger, Longer & Uncut",21000000.0,52037603.0,52037603.0,en,23,8.0,5837,31037603.0,1.4779810952380952
62,2010-03-12,She's Out of My League,20000000.0,32010860.0,48680977.0,en,23,8.0,5837,28680977.0,1.43404885
62,2008-10-03,An American Carol,20000000.0,7013191.0,7022183.0,en,23,8.0,5837,-12977817.0,-0.64889085
62,2008-07-04,Ne le dis Ã personne,18500000.0,6198883.0,33954018.0,en,23,8.0,5837,15454018.0,0.8353523243243243
62,2006-08-25,Beerfest,17500000.0,19185184.0,20159316.0,en,23,8.0,5837,2659316.0,0.1519609142857143
62,2004-09-03,The Cookout,16000000.0,11540112.0,11540112.0,en,23,8.0,5837,-4459888.0,-0.278743
62,1996-05-03,The Craft,15000000.0,24769466.0,55669466.0,en,23,8.0,5837,40669466.0,2.7112977333333332
62,2015-09-01,Broken Horses,15000000.0,0.0,3471.0,en,23,8.0,5837,-14996529.0,-0.9997686
62,2014-07-02,Earth to Echo,13000000.0,38934842.0,42174545.0,en,23,8.0,5837,29174545.0,2.2441957692307692
62,1997-12-25,Jackie Brown,12000000.0,39673162.0,74727492.0,en,23,8.0,5837,62727492.0,5.227291
62,2016-01-22,Dirty Grandpa,11500000.0,35593113.0,105078449.0,en,23,8.0,5837,93578449.0,8.137256434782609
62,2001-08-31,Jeepers Creepers,10000000.0,37904175.0,58939035.0,en,23,8.0,5837,48939035.0,4.8939035
62,2010-06-18,Io sono lâamore,10000000.0,5005465.0,15121528.0,en,23,8.0,5837,5121528.0,0.5121528
62,2011-11-11,Melancholia,9400000.0,3030848.0,21817298.0,en,23,8.0,5837,12417298.0,1.3209891489361703
62,1994-10-14,Pulp Fiction,8000000.0,107928762.0,212928762.0,en,23,8.0,5837,204928762.0,25.61609525
62,2005-10-21,Shopgirl,7500000.0,10284523.0,11758418.0,en,23,8.0,5837,4258418.0,0.5677890666666666
62,2014-01-28,Snezhnaya koroleva,7000000.0,0.0,15193977.0,en,23,8.0,5837,8193977.0,1.1705681428571428
62,2006-12-21,Venus,6000000.0,3347411.0,7818479.0,en,23,8.0,5837,1818479.0,0.3030798333333333
62,2013-08-30,No se Aceptan Devoluciones,5000000.0,44467206.0,100486616.0,en,23,8.0,5837,95486616.0,19.0973232
62,2006-07-14,The Oh in Ohio,5000000.0,418689.0,648183.0,en,23,8.0,5837,-4351817.0,-0.8703634
62,2016-12-31,Airlift (2016),4400000.0,0.0,9969237.0,en,23,8.0,5837,5569237.0,1.2657356818181817
62,2012-11-09,Replicas,4000000.0,0.0,0.0,en,23,8.0,5837,-4000000.0,-1.0
62,1996-07-19,Trainspotting,3100000.0,16501785.0,71558971.0,en,23,8.0,5837,68458971.0,22.083539032258063
62,2009-12-31,The Deported,3000000.0,0.0,0.0,en,23,8.0,5837,-3000000.0,-1.0
62,1998-05-01,"Dancer, Texas Pop. 81",2300000.0,574838.0,574838.0,en,23,8.0,5837,-1725162.0,-0.7500704347826087
62,2015-10-09,Knock Knock,2000000.0,36336.0,6328516.0,en,23,8.0,5837,4328516.0,2.164258
62,1955-08-05,The Kingâs Thief,1577000.0,0.0,0.0,en,23,8.0,5837,-1577000.0,-1.0
62,1951-07-03,Strangers on a Train,1200000.0,7000000.0,7000000.0,en,23,8.0,5837,5800000.0,4.833333333333333
62,2011-07-29,The Future,1000000.0,568662.0,1239174.0,en,23,8.0,5837,239174.0,0.239174
62,1993-10-01,Ruby in Paradise,800000.0,1001437.0,1001437.0,en,23,8.0,5837,201437.0,0.25179625
62,2010-05-14,The Living Wake,500000.0,12232.0,12232.0,en,23,8.0,5837,-487768.0,-0.975536
62,2013-08-07,Midnight Cabaret,300000.0,0.0,0.0,en,23,8.0,5837,-300000.0,-1.0
62,2013-12-31,Speak No Evil,150000.0,0.0,32927.0,en,23,8.0,5837,-117073.0,-0.7804866666666667
62,2014-12-31,Stories of Our Lives,15000.0,0.0,0.0,en,23,8.0,5837,-15000.0,-1.0
90,2017-07-21,Valerian and the City of a Thousand Planets,180000000.0,40479370.0,215098356.0,en,15,7.1,1827,35098356.0,0.19499086666666668
90,2013-06-28,White House Down,150000000.0,73103784.0,205440387.0,en,15,7.1,1827,55440387.0,0.36960258
90,2018-04-13,Rampage,120000000.0,101028233.0,428056280.0,en,15,7.1,1827,308056280.0,2.5671356666666667
90,2010-09-24,Legend of the Guardians: The Owls of Ga'Hoole,100000000.0,55675313.0,139716717.0,en,15,7.1,1827,39716717.0,0.39716717
90,2001-12-07,Ocean's Eleven,85000000.0,183417150.0,450728529.0,en,15,7.1,1827,365728529.0,4.302688576470588
90,2005-08-26,The Brothers Grimm,80000000.0,37899638.0,105299638.0,en,15,7.1,1827,25299638.0,0.316245475
90,2004-07-30,The Village,71682975.0,114197520.0,257641634.0,en,15,7.1,1827,185958659.0,2.594181658894598
90,1993-05-28,Cliffhanger,65000000.0,84049211.0,255000000.0,en,15,7.1,1827,190000000.0,2.923076923076923
90,1997-11-14,The Jackal,60000000.0,54956941.0,159356941.0,en,15,7.1,1827,99356941.0,1.6559490166666666
90,1996-06-28,The Nutty Professor,55000000.0,128814019.0,273814019.0,en,15,7.1,1827,218814019.0,3.978436709090909
90,1998-12-25,Patch Adams,50000000.0,135014968.0,202173000.0,en,15,7.1,1827,152173000.0,3.04346
90,1995-11-03,Fair Game,50000000.0,11497497.0,26097497.0,en,15,7.1,1827,-23902503.0,-0.47805006
90,2014-05-23,Blended,45000000.0,46290741.0,127990741.0,en,15,7.1,1827,82990741.0,1.8442386888888889
90,2016-06-10,The Conjuring 2: The Enfield Poltergeist,40000000.0,102470008.0,311262102.0,en,15,7.1,1827,271262102.0,6.78155255
90,1994-06-03,Renaissance Man,40000000.0,24172899.0,24172899.0,en,15,7.1,1827,-15827101.0,-0.395677525
90,2013-08-07,We're the Millers,37000000.0,150394119.0,267816276.0,en,15,7.1,1827,230816276.0,6.23827772972973
90,2008-08-15,Mirrors,35000000.0,30691439.0,77220596.0,en,15,7.1,1827,42220596.0,1.206302742857143
90,1996-07-05,Phenomenon,32000000.0,104636382.0,152036382.0,en,15,7.1,1827,120036382.0,3.7511369375
90,2001-04-06,Blow,30000000.0,52990775.0,83282296.0,en,15,7.1,1827,53282296.0,1.7760765333333333
90,2017-09-22,Stronger,30000000.0,4211129.0,8786752.0,en,15,7.1,1827,-21213248.0,-0.7071082666666667
90,2011-10-28,Anonymous,27500000.0,4463292.0,15815509.0,en,15,7.1,1827,-11684491.0,-0.42489058181818185
90,2006-06-06,The Omen,25000000.0,54607383.0,119295584.0,en,15,7.1,1827,94295584.0,3.77182336
90,2002-08-16,Possession,25000000.0,10103647.0,14805812.0,en,15,7.1,1827,-10194188.0,-0.40776752
90,2004-01-09,Chasing Liberty,23000000.0,12189514.0,12291975.0,en,15,7.1,1827,-10708025.0,-0.4655663043478261
90,1977-11-16,Close Encounters of the Third Kind,20000000.0,169100479.0,340800479.0,en,15,7.1,1827,320800479.0,16.04002395
90,1995-09-27,To Die For,20000000.0,21284514.0,27688744.0,en,15,7.1,1827,7688744.0,0.3844372
90,2011-04-29,Dylan Dog: Dead of Night,20000000.0,1186538.0,6093725.0,en,15,7.1,1827,-13906275.0,-0.69531375
90,2013-07-26,Blue Jasmine,18000000.0,33404871.0,102912961.0,en,15,7.1,1827,84912961.0,4.717386722222222
90,2010-08-20,Lottery Ticket,17000000.0,24719879.0,24719879.0,en,15,7.1,1827,7719879.0,0.4541105294117647
90,2002-09-27,Wasabi,15300000.0,81525.0,7000000.0,en,15,7.1,1827,-8300000.0,-0.5424836601307189
90,2017-01-20,The Founder,15000000.0,12786053.0,24403192.0,en,15,7.1,1827,9403192.0,0.6268794666666667
90,2012-01-13,The Iron Lady,14000000.0,29959436.0,115592104.0,en,15,7.1,1827,101592104.0,7.256578857142857
90,1999-08-04,Dick,13000000.0,6276869.0,6276869.0,en,15,7.1,1827,-6723131.0,-0.517163923076923
90,2006-03-03,Aquamarine,12000000.0,18597342.0,22978953.0,en,15,7.1,1827,10978953.0,0.91491275
90,2013-01-11,Quartet,11000000.0,18388357.0,56178935.0,en,15,7.1,1827,45178935.0,4.107175909090909
90,2006-10-06,Employee of the Month,10000000.0,28444855.0,38364855.0,en,15,7.1,1827,28364855.0,2.8364855
90,2012-07-27,Killer Joe,10000000.0,1291645.0,4659110.0,en,15,7.1,1827,-5340890.0,-0.534089
90,2011-08-12,Glee: The 3D Concert Movie,9000000.0,11862398.0,17462398.0,en,15,7.1,1827,8462398.0,0.9402664444444444
90,2009-01-30,New in Town,8000000.0,16734283.0,29937909.0,en,15,7.1,1827,21937909.0,2.742238625
90,2018-03-16,I Can Only Imagine,7000000.0,83482352.0,85604221.0,en,15,7.1,1827,78604221.0,11.22917442857143
90,1993-04-02,The Adventures of Huck Finn,6500000.0,24103594.0,24103594.0,en,15,7.1,1827,17603594.0,2.7082452307692306
90,2005-08-12,11:14,6000000.0,0.0,0.0,en,15,7.1,1827,-6000000.0,-1.0
90,2016-02-19,Race,5000000.0,19115191.0,23745772.0,en,15,7.1,1827,18745772.0,3.7491544
90,2014-11-21,Reach Me,5000000.0,0.0,0.0,en,15,7.1,1827,-5000000.0,-1.0
90,2013-03-01,The Last Exorcism Part II,4000000.0,15179303.0,25448707.0,en,15,7.1,1827,21448707.0,5.36217675
90,1997-08-13,The Full Monty,3500000.0,45950122.0,261249383.0,en,15,7.1,1827,257749383.0,73.64268085714286
90,2006-03-03,Dave Chappelle's Block Party,3000000.0,11718595.0,12051924.0,en,15,7.1,1827,9051924.0,3.017308
90,2008-02-15,Diary of the Dead,2750000.0,952620.0,5394447.0,en,15,7.1,1827,2644447.0,0.9616170909090909
90,1946-08-15,Notorious,2000000.0,24464742.0,24464742.0,en,15,7.1,1827,22464742.0,11.232371
90,2013-02-08,Small Apartments,2000000.0,0.0,0.0,en,15,7.1,1827,-2000000.0,-1.0
90,2008-03-07,Snow Angels,1500000.0,402858.0,414404.0,en,15,7.1,1827,-1085596.0,-0.7237306666666666
90,2014-03-21,Godâs Not Dead,1150000.0,60755732.0,63777092.0,en,15,7.1,1827,62627092.0,54.45834086956522
90,2010-09-03,16 to Life,1000000.0,11574.0,11574.0,en,15,7.1,1827,-988426.0,-0.988426
90,2005-06-24,Rize,700000.0,3278611.0,4857731.0,en,15,7.1,1827,4157731.0,5.939615714285714
90,2015-12-31,Rodeo Girl,500000.0,0.0,0.0,en,15,7.1,1827,-500000.0,-1.0
90,1999-01-08,The Sticky Fingers of Time,250000.0,18195.0,20628.0,en,15,7.1,1827,-229372.0,-0.917488
90,2014-06-19,The Past is a Grotesque Animal,100000.0,20056.0,20056.0,en,15,7.1,1827,-79944.0,-0.79944
93,2016-05-27,X-Men: Apocalypse,178000000.0,155442489.0,542537546.0,en,12,7.9,359,364537546.0,2.047963741573034
93,2015-10-09,Pan,150000000.0,35088320.0,151525973.0,en,12,7.9,359,1525973.0,0.010173153333333334
93,2013-04-19,Oblivion,120000000.0,89107235.0,287916633.0,en,12,7.9,359,167916633.0,1.399305275
93,2003-12-25,Peter Pan,100000000.0,48417850.0,95255485.0,en,12,7.9,359,-4744515.0,-0.04744515
93,2009-04-03,Fast & Furious,85000000.0,155064265.0,363064265.0,en,12,7.9,359,278064265.0,3.271344294117647
93,2013-12-20,Walking with Dinosaurs,80000000.0,36076121.0,123368842.0,en,12,7.9,359,43368842.0,0.542110525
93,2004-05-19,Shrek 2,70000000.0,441226247.0,937008132.0,en,12,7.9,359,867008132.0,12.385830457142857
93,2006-08-09,World Trade Center,65000000.0,70278893.0,163295654.0,en,12,7.9,359,98295654.0,1.5122408307692308
93,2008-12-19,The Tale of Despereaux,60000000.0,50877145.0,90482317.0,en,12,7.9,359,30482317.0,0.5080386166666667
93,1997-07-16,George Of The Jungle,55000000.0,105263257.0,174463257.0,en,12,7.9,359,119463257.0,2.1720592181818184
93,2011-06-10,Super 8,50000000.0,127004179.0,257972745.0,en,12,7.9,359,207972745.0,4.1594549
93,1995-10-13,The Scarlet Letter,50000000.0,10359006.0,10359006.0,en,12,7.9,359,-39640994.0,-0.79281988
93,2006-03-03,16 Blocks,45000000.0,36895141.0,65595141.0,en,12,7.9,359,20595141.0,0.4576698
93,2009-02-06,He's Just Not That Into You,40000000.0,93953653.0,181053657.0,en,12,7.9,359,141053657.0,3.526341425
93,1999-01-15,At First Sight,40000000.0,22365133.0,22365133.0,en,12,7.9,359,-17634867.0,-0.440871675
93,2011-09-23,Dolphin Tale,37000000.0,72286779.0,96068724.0,en,12,7.9,359,59068724.0,1.596452
93,2010-08-20,Nanny McPhee and the Big Bang,35000000.0,29197642.0,97799865.0,en,12,7.9,359,62799865.0,1.7942818571428572
93,2006-06-16,Nacho Libre,32000000.0,80197993.0,99296462.0,en,12,7.9,359,67296462.0,2.1030144375
93,1989-06-09,Star Trek V: The Final Frontier,30000000.0,52210049.0,70200000.0,en,12,7.9,359,40200000.0,1.34
93,2004-12-29,The Merchant of Venice,30000000.0,3765585.0,18765585.0,en,12,7.9,359,-11234415.0,-0.3744805
93,2002-06-07,The Divine Secrets of the Ya-Ya Sisterhood,27000000.0,69586544.0,73826768.0,en,12,7.9,359,46826768.0,1.7343247407407407
93,2013-12-13,Tyler Perry's A Madea Christmas,25000000.0,52543354.0,52543354.0,en,12,7.9,359,27543354.0,1.10173416
93,2019-01-25,Serenity,25000000.0,8547045.0,11367029.0,en,12,7.9,359,-13632971.0,-0.54531884
93,1991-08-23,Harley Davidson and the Marlboro Man,23000000.0,7018525.0,7018525.0,en,12,7.9,359,-15981475.0,-0.6948467391304348
93,2013-07-19,The Conjuring,20000000.0,137400141.0,318000141.0,en,12,7.9,359,298000141.0,14.90000705
93,2008-09-19,Appaloosa,20000000.0,20211394.0,27911453.0,en,12,7.9,359,7911453.0,0.39557265
93,2000-10-20,The Yards,20000000.0,882710.0,2282710.0,en,12,7.9,359,-17717290.0,-0.8858645
93,2005-10-14,The Fog,18000000.0,29511112.0,37048526.0,en,12,7.9,359,19048526.0,1.0582514444444444
93,2001-08-24,Summer Catch,17000000.0,19693891.0,19693891.0,en,12,7.9,359,2693891.0,0.15846417647058825
93,1984-12-05,Beverly Hills Cop,15000000.0,234760478.0,316300000.0,en,12,7.9,359,301300000.0,20.086666666666666
93,2002-10-11,Knockaround Guys,15000000.0,11660180.0,12419700.0,en,12,7.9,359,-2580300.0,-0.17202
93,2002-03-08,All About the Benjamins,14000000.0,25482931.0,25873145.0,en,12,7.9,359,11873145.0,0.8480817857142857
93,2002-02-01,Birthday Girl,13000000.0,4919896.0,8130727.0,en,12,7.9,359,-4869273.0,-0.37455946153846154
93,2001-10-05,Max Keeble's Big Move,12000000.0,17292381.0,17292381.0,en,12,7.9,359,5292381.0,0.44103175
93,2001-03-30,Tomcats,11000000.0,13558739.0,13558739.0,en,12,7.9,359,2558739.0,0.23261263636363635
93,2009-11-06,The Fourth Kind,10000000.0,26218170.0,49486874.0,en,12,7.9,359,39486874.0,3.9486874
93,2014-03-21,50 to 1,10000000.0,1069454.0,1069454.0,en,12,7.9,359,-8930546.0,-0.8930546
93,2007-11-28,The Savages,9000000.0,6623082.0,10642023.0,en,12,7.9,359,1642023.0,0.182447
93,2006-05-19,See No Evil,8000000.0,15032800.0,18828036.0,en,12,7.9,359,10828036.0,1.3535045
93,2011-05-06,Jumping the Broom,7000000.0,37295394.0,38158601.0,en,12,7.9,359,31158601.0,4.4512287142857145
93,1971-01-01,The Andromeda Strain,6500000.0,12376563.0,12376563.0,en,12,7.9,359,5876563.0,0.9040866153846154
93,2011-03-15,A Shine of Rainbows,6000000.0,0.0,0.0,en,12,7.9,359,-6000000.0,-1.0
93,1988-10-01,Halloween 4: The Return of Michael Myers,5000000.0,17768757.0,17768757.0,en,12,7.9,359,12768757.0,2.5537514
93,2015-01-09,Let's Kill Ward's Wife,5000000.0,0.0,0.0,en,12,7.9,359,-5000000.0,-1.0
93,1985-08-16,The Return of the Living Dead,4000000.0,14237880.0,14237880.0,en,12,7.9,359,10237880.0,2.55947
93,1995-04-26,Friday,3500000.0,27467564.0,27936778.0,en,12,7.9,359,24436778.0,6.981936571428571
93,2009-05-08,Next Day Air,3000000.0,10027047.0,10172519.0,en,12,7.9,359,7172519.0,2.3908396666666665
93,2018-10-26,Indivisible,2700000.0,3511417.0,3588305.0,en,12,7.9,359,888305.0,0.3290018518518519
93,1972-08-11,Everything You Always Wanted to Know,2000000.0,18016290.0,18016290.0,en,12,7.9,359,16016290.0,8.008145
93,2001-12-31,Pendulum,2000000.0,0.0,0.0,en,12,7.9,359,-2000000.0,-1.0
93,2007-09-05,I Want Someone To Eat Cheese With,1500000.0,194568.0,194568.0,en,12,7.9,359,-1305432.0,-0.870288
93,2008-11-21,Special,1000000.0,7202.0,26822.0,en,12,7.9,359,-973178.0,-0.973178
93,2017-08-04,Columbus,700000.0,1017107.0,1110511.0,en,12,7.9,359,410511.0,0.5864442857142858
93,2009-09-25,Paranormal Activity,450000.0,107918810.0,194183034.0,en,12,7.9,359,193733034.0,430.51785333333333
93,2010-10-05,Rust,250000.0,0.0,0.0,en,12,7.9,359,-250000.0,-1.0
93,2014-12-31,"Dude, Where's My Dog",100000.0,0.0,0.0,en,12,7.9,359,-100000.0,-1.0
95,2014-06-06,Edge of Tomorrow,178000000.0,100206256.0,370541256.0,en,15,6.7,4267,192541256.0,1.0816924494382023
95,2020-12-31,Moonfall,150000000.0,0.0,0.0,en,15,6.7,4267,-150000000.0,-1.0
95,2002-07-19,Stuart Little 2,120000000.0,64956806.0,166000000.0,en,15,6.7,4267,46000000.0,0.38333333333333336
95,2004-07-23,Catwoman,100000000.0,40202379.0,82145379.0,en,15,6.7,4267,-17854621.0,-0.17854621
95,2014-03-21,Divergent,85000000.0,150947895.0,276014965.0,en,15,6.7,4267,191014965.0,2.247234882352941
95,1996-12-06,Daylight,80000000.0,32908290.0,158908290.0,en,15,6.7,4267,78908290.0,0.986353625
95,2009-12-23,Alvin and the Chipmunks: The Squeakquel,70000000.0,219614612.0,443483213.0,en,15,6.7,4267,373483213.0,5.335474471428571
95,2003-12-19,Mona Lisa Smile,65000000.0,63803100.0,141205169.0,en,15,6.7,4267,76205169.0,1.1723872153846153
95,2017-08-04,The Dark Tower,60000000.0,50701325.0,113461527.0,en,15,6.7,4267,53461527.0,0.89102545
95,2017-11-10,Murder on the Orient Express,55000000.0,102826543.0,345922730.0,en,15,6.7,4267,290922730.0,5.289504181818182
95,2000-03-17,Erin Brockovich,50000000.0,125548685.0,257805243.0,en,15,6.7,4267,207805243.0,4.15610486
95,1995-10-13,Jade,50000000.0,9812870.0,9812870.0,en,15,6.7,4267,-40187130.0,-0.8037426
95,2004-09-10,Cellular,45000000.0,32003620.0,61475984.0,en,15,6.7,4267,16475984.0,0.36613297777777776
95,2016-01-15,Ride Along 2,40000000.0,90862685.0,124827316.0,en,15,6.7,4267,84827316.0,2.1206829
95,2004-01-16,Torque,40000000.0,21176322.0,46176322.0,en,15,6.7,4267,6176322.0,0.15440805
95,2008-09-12,Burn After Reading,37000000.0,60355347.0,168167798.0,en,15,6.7,4267,131167798.0,3.5450756216216215
95,1990-11-21,Predator 2,35000000.0,28317513.0,54768418.0,en,15,6.7,4267,19768418.0,0.5648119428571429
95,2010-08-27,Takers,32000000.0,57744720.0,70587268.0,en,15,6.7,4267,38587268.0,1.205852125
95,2002-07-03,Like Mike,30000000.0,51432423.0,62432423.0,en,15,6.7,4267,32432423.0,1.0810807666666666
95,2005-08-17,Supercross,30000000.0,3102550.0,3252550.0,en,15,6.7,4267,-26747450.0,-0.8915816666666667
95,1980-06-20,The Blues Brothers,27000000.0,57229890.0,57229890.0,en,15,6.7,4267,30229890.0,1.1196255555555557
95,2012-01-27,The Grey,25000000.0,51580136.0,81249176.0,en,15,6.7,4267,56249176.0,2.24996704
95,2018-10-12,Beautiful Boy,25000000.0,7634767.0,13031424.0,en,15,6.7,4267,-11968576.0,-0.47874304
95,2009-09-25,Coco avant Chanel,23000000.0,6113834.0,50813834.0,en,15,6.7,4267,27813834.0,1.2092971304347826
95,2017-11-17,Wonder,20000000.0,132422809.0,304604712.0,en,15,6.7,4267,284604712.0,14.2302356
95,2004-08-13,Yu-Gi-Oh,20000000.0,19762690.0,28762690.0,en,15,6.7,4267,8762690.0,0.4381345
95,2017-04-28,JÃ¬yÃ¬ dÃ shÄ«,20000000.0,587470.0,43888531.0,en,15,6.7,4267,23888531.0,1.19442655
95,2015-08-07,Ricki and the Flash,18000000.0,26839498.0,41166033.0,en,15,6.7,4267,23166033.0,1.2870018333333333
95,2006-03-24,Larry the Cable Guy: Health Inspector,17000000.0,15680099.0,15680099.0,en,15,6.7,4267,-1319901.0,-0.07764123529411765
95,1982-12-17,Tootsie,15000000.0,177200000.0,177200000.0,en,15,6.7,4267,162200000.0,10.813333333333333
95,1998-04-03,Barney's Great Adventure,15000000.0,11156471.0,11156471.0,en,15,6.7,4267,-3843529.0,-0.2562352666666667
95,2010-03-12,Our Family Wedding,14000000.0,20255281.0,21410546.0,en,15,6.7,4267,7410546.0,0.5293247142857143
95,2018-12-07,Ben is Back,13000000.0,3703182.0,9633111.0,en,15,6.7,4267,-3366889.0,-0.25899146153846153
95,2013-11-01,About Time,12000000.0,15323921.0,89309178.0,en,15,6.7,4267,77309178.0,6.4424315
95,2002-04-12,Frailty,11000000.0,13110448.0,19947280.0,en,15,6.7,4267,8947280.0,0.813389090909091
95,1998-06-12,Can't Hardly Wait,10000000.0,25358996.0,25358996.0,en,15,6.7,4267,15358996.0,1.5358996
95,2007-10-19,The Ten Commandments,10000000.0,952820.0,1051907.0,en,15,6.7,4267,-8948093.0,-0.8948093
95,2000-09-08,The Way of the Gun,9000000.0,6047856.0,13061935.0,en,15,6.7,4267,4061935.0,0.4513261111111111
95,2006-08-04,"Bon Cop, Bad Cop",8000000.0,12671300.0,12740705.0,en,15,6.7,4267,4740705.0,0.592588125
95,2000-01-12,My Dog Skip,7000000.0,34099640.0,35795319.0,en,15,6.7,4267,28795319.0,4.113617
95,2017-10-20,Same Kind of Different as Me,6500000.0,6423605.0,6423605.0,en,15,6.7,4267,-76395.0,-0.011753076923076923
95,2011-05-10,The Hit List,6000000.0,0.0,0.0,en,15,6.7,4267,-6000000.0,-1.0
95,2018-03-23,"Paul, Apostle of Christ",5000000.0,17547999.0,25529498.0,en,15,6.7,4267,20529498.0,4.1058996
95,2011-12-31,We Have Your Husband,5000000.0,0.0,0.0,en,15,6.7,4267,-5000000.0,-1.0
95,2000-08-04,Saving Grace,4000000.0,12178602.0,27786849.0,en,15,6.7,4267,23786849.0,5.94671225
95,2018-02-02,Winchester,3500000.0,25091816.0,44378040.0,en,15,6.7,4267,40878040.0,11.67944
95,1998-11-04,Belly,3000000.0,9639390.0,9639390.0,en,15,6.7,4267,6639390.0,2.21313
95,2015-12-31,Sardaar Ji,2700000.0,0.0,8200000.0,en,15,6.7,4267,5500000.0,2.037037037037037
95,2018-07-13,Eighth Grade,2000000.0,13539710.0,14341016.0,en,15,6.7,4267,12341016.0,6.170508
95,2008-09-23,Slacker Uprising,2000000.0,0.0,0.0,en,15,6.7,4267,-2000000.0,-1.0
95,2007-09-07,Hatchet,1500000.0,175281.0,240396.0,en,15,6.7,4267,-1259604.0,-0.839736
95,2005-02-11,Ong-Bak,1100000.0,4563167.0,24062965.0,en,15,6.7,4267,22962965.0,20.875422727272728
95,1999-03-19,Sparkler,1000000.0,5494.0,5494.0,en,15,6.7,4267,-994506.0,-0.994506
95,2010-01-26,B-Girl,700000.0,0.0,1160.0,en,15,6.7,4267,-698840.0,-0.9983428571428571
95,2006-03-31,Brick,450000.0,2075743.0,4243996.0,en,15,6.7,4267,3793996.0,8.431102222222222
95,2009-11-10,Ink,250000.0,0.0,0.0,en,15,6.7,4267,-250000.0,-1.0
95,2015-03-17,Closure,100000.0,0.0,0.0,en,15,6.7,4267,-100000.0,-1.0
97,2016-04-15,The Jungle Book,175000000.0,364001123.0,962854547.0,en,12,6.6,1100,787854547.0,4.502025982857143
97,2012-06-08,Madagascar 3: Europe's Most Wanted,145000000.0,216391482.0,746921271.0,en,12,6.6,1100,601921271.0,4.151181179310345
97,2004-06-11,The Chronicles of Riddick,120000000.0,57712751.0,107212751.0,en,12,6.6,1100,-12787249.0,-0.10656040833333333
97,2002-11-27,Treasure Planet,100000000.0,38120554.0,91800000.0,en,12,6.6,1100,-8200000.0,-0.082
97,2019-04-05,Shazam!,85000000.0,139606856.0,362899733.0,en,12,6.6,1100,277899733.0,3.269408623529412
97,2014-02-21,Pompeii,80000000.0,23169033.0,108469033.0,en,12,6.6,1100,28469033.0,0.3558629125
97,1999-07-30,Runaway Bride,70000000.0,152257509.0,310138178.0,en,12,6.6,1100,240138178.0,3.4305454
97,1999-07-16,Eyes Wide Shut,65000000.0,55691208.0,104267443.0,en,12,6.6,1100,39267443.0,0.6041145076923077
97,2014-01-17,Jack Ryan: Shadow Recruit,60000000.0,50577412.0,131377412.0,en,12,6.6,1100,71377412.0,1.1896235333333334
97,2018-02-09,Fifty Shades Freed,55000000.0,100407760.0,371350619.0,en,12,6.6,1100,316350619.0,5.751829436363637
97,2018-02-09,Peter Rabbit,50000000.0,115234093.0,347136477.0,en,12,6.6,1100,297136477.0,5.94272954
97,2002-03-29,Death to Smoochy,50000000.0,8355815.0,8374062.0,en,12,6.6,1100,-41625938.0,-0.83251876
97,2003-07-18,Johnny English,45000000.0,28013509.0,163126676.0,en,12,6.6,1100,118126676.0,2.6250372444444445
97,2015-03-27,Get Hard,40000000.0,90411453.0,106511453.0,en,12,6.6,1100,66511453.0,1.662786325
97,1995-09-22,Showgirls,40000000.0,20350754.0,37750754.0,en,12,6.6,1100,-2249246.0,-0.05623115
97,2008-04-04,Nim's Island,37000000.0,48006762.0,101857425.0,en,12,6.6,1100,64857425.0,1.7529033783783783
97,1980-12-05,Flash Gordon,35000000.0,27107960.0,27107960.0,en,12,6.6,1100,-7892040.0,-0.22548685714285716
97,1999-09-10,Stigmata,32000000.0,50041732.0,89441732.0,en,12,6.6,1100,57441732.0,1.795054125
97,2007-12-07,Atonement,30000000.0,50980159.0,129779728.0,en,12,6.6,1100,99779728.0,3.3259909333333333
97,2006-05-05,Wu ji,30000000.0,669625.0,35869934.0,en,12,6.6,1100,5869934.0,0.19566446666666668
97,2008-08-06,The Sisterhood of the Traveling Pants 2,27000000.0,44089964.0,44270131.0,en,12,6.6,1100,17270131.0,0.6396344814814815
97,1986-05-23,Cobra,25000000.0,49042224.0,49042224.0,en,12,6.6,1100,24042224.0,0.96168896
97,2019-03-15,Captive State,25000000.0,5958315.0,8993300.0,en,12,6.6,1100,-16006700.0,-0.640268
97,2013-06-28,Redemption,23000000.0,36686.0,13593473.0,en,12,6.6,1100,-9406527.0,-0.4089794347826087
97,1992-02-14,Wayne's World,20000000.0,121697323.0,183097323.0,en,12,6.6,1100,163097323.0,8.15486615
97,2008-09-19,My Best Friend's Girl,20000000.0,19219250.0,34787111.0,en,12,6.6,1100,14787111.0,0.73935555
97,2015-11-13,By the Sea,20000000.0,538460.0,3727746.0,en,12,6.6,1100,-16272254.0,-0.8136127
97,1984-06-29,Conan the Destroyer,18000000.0,26400000.0,26400000.0,en,12,6.6,1100,8400000.0,0.4666666666666667
97,1999-10-01,The Adventures of Elmo in Grouchland,17000000.0,11634458.0,11634458.0,en,12,6.6,1100,-5365542.0,-0.31562011764705883
97,2010-11-26,The Kingâs Speech,15000000.0,138797449.0,430821168.0,en,12,6.6,1100,415821168.0,27.7214112
97,1998-11-25,Home Fries,15000000.0,10513979.0,10513979.0,en,12,6.6,1100,-4486021.0,-0.2990680666666667
97,2006-05-05,An American Haunting,14000000.0,16298046.0,30443277.0,en,12,6.6,1100,16443277.0,1.1745197857142857
97,2010-03-26,Chloe,13000000.0,3075255.0,11831131.0,en,12,6.6,1100,-1168869.0,-0.089913
97,2017-07-14,Wish Upon,12000000.0,14301505.0,23477345.0,en,12,6.6,1100,11477345.0,0.9564454166666667
97,2004-11-12,Kinsey,11000000.0,10214647.0,17443529.0,en,12,6.6,1100,6443529.0,0.5857753636363636
97,2016-10-14,Kevin Hart: What Now?,10000000.0,23591043.0,23591043.0,en,12,6.6,1100,13591043.0,1.3591043
97,2008-04-04,My Blueberry Nights,10000000.0,866778.0,22198996.0,en,12,6.6,1100,12198996.0,1.2198996
97,2008-08-22,Hamlet 2,9000000.0,4886216.0,4934104.0,en,12,6.6,1100,-4065896.0,-0.45176622222222224
97,2011-04-29,Prom,8000000.0,10130219.0,10763183.0,en,12,6.6,1100,2763183.0,0.345397875
97,2008-02-14,"Definitely, Maybe",7000000.0,32241649.0,55617866.0,en,12,6.6,1100,48617866.0,6.945409428571429
97,2011-12-02,Shame,6500000.0,4002293.0,20412841.0,en,12,6.6,1100,13912841.0,2.1404370769230767
97,1996-08-02,Emma,5900000.0,22231658.0,37831658.0,en,12,6.6,1100,31931658.0,5.412145423728814
97,2001-08-31,O (Othello),5000000.0,16017403.0,16017403.0,en,12,6.6,1100,11017403.0,2.2034806
97,2015-12-31,Aztec Warrior,5000000.0,0.0,0.0,en,12,6.6,1100,-5000000.0,-1.0
97,2004-02-06,What the #$'! Do We Know,4000000.0,10941801.0,10941801.0,en,12,6.6,1100,6941801.0,1.73545025
97,2013-02-22,Dark Skies,3500000.0,17418667.0,27704111.0,en,12,6.6,1100,24204111.0,6.9154602857142855
97,1948-08-26,Red River,3000000.0,9012000.0,9012000.0,en,12,6.6,1100,6012000.0,2.004
97,1963-06-12,Donovan's Reef,2686000.0,6600000.0,6600000.0,en,12,6.6,1100,3914000.0,1.4571854058078928
97,2012-03-09,Silent House,2000000.0,12739737.0,16610760.0,en,12,6.6,1100,14610760.0,7.30538
97,2011-12-31,True Bromance,2000000.0,0.0,0.0,en,12,6.6,1100,-2000000.0,-1.0
97,2010-08-06,The Disappearance of Alice Creed,1500000.0,166980.0,1605139.0,en,12,6.6,1100,105139.0,0.07009266666666666
97,1986-09-26,Down by Law,1100000.0,1436000.0,1436000.0,en,12,6.6,1100,336000.0,0.3054545454545455
97,2015-05-15,Childless,1000000.0,1036.0,1036.0,en,12,6.6,1100,-998964.0,-0.998964
97,1933-04-07,King Kong,672000.0,10000000.0,10000650.0,en,12,6.6,1100,9328650.0,13.881919642857143
97,2006-08-11,Conversations with Other Women,450000.0,379418.0,1297745.0,en,12,6.6,1100,847745.0,1.8838777777777778
97,2014-04-11,Jesus People,250000.0,0.0,0.0,en,12,6.6,1100,-250000.0,-1.0
97,2015-03-25,Open Secret,100000.0,0.0,0.0,en,12,6.6,1100,-100000.0,-1.0
